business:companies,businesses,business,corporations,corporate,industry,investment,firms,industries,investments,companies',multinational_corporations,investors,enterprises,profits,executives,conglomerates,multinationals,retailing,company
politics:political,politics,election,politician,politicians,party,elections,political_party,democratic_party,political_parties,electoral,candidates,candidate,parliamentary,elected,democratic,voter,parties,voters,conservative_coalition
sports:sports,sport,sporting,football,games,soccer,basketball,athletes,players,athletic,athlete,coaches,game,sporting_events,athletics,league,tournament,baseball,basketball_team,ice_hockey
health:medical,health,hospitals,hospital,public_health,patients,health_care,doctors,patient,physicians,emergency_rooms,primary_health_care,nursing,care,primary_care,emergency_department,outpatient_clinics,nurses,acute_care,public_hospital
education:schools,school,education,educational,high_schools,curriculum,teachers,classroom,public_school,students,schools',middle_school,school_districts,high_school,elementary_school,elementary,teacher,educators,teaching,secondary_education
real_estate:real_estate,properties,property,real_property,real_estate_development,condominium,developers,realty,condominiums,developer,real_estate_investment_trust,realtors,condos,property_management,real_estate_broker,rental_apartments,condo,rental,rental_units,realtor
arts:arts,visual_arts,artistic,art,artists,performing_arts,dance,performance_artist,performance_art,contemporary_art,artist,choreographers,modern_dance,folk_dance,public_art,composers,fine_arts,artists',avant_garde,theater
science:science,scientific,sciences,scientists,social_sciences,physics,research,scientist,biology,studies,laboratory,physicist,researchers,biochemistry,social_science,geneticist,postdoctoral,chemical_engineering,researcher,biomedical_research
technology:technology,computers,computer,electronic,technologies,software,equipment,technological,personal_computers,systems,disk_drives,devices,wireless_technology,integrated_circuits,hardware,electronics,machines,gadgets,peripherals,computerized
